Address,URL,Lat,Lon
"105/62 Hurtle Square, Adelaide",https://www.realestate.com.au/property-apartment-sa-adelaide-147001240,-34.9333989,138.6071263
"1202/271-281 Gouger Street, Adelaide",https://www.realestate.com.au/property-apartment-sa-adelaide-147127436,-34.930968,138.5890954
"803/193 Angas Street, Adelaide",https://www.realestate.com.au/property-apartment-sa-adelaide-144584696,-34.9299973,138.6082128
"701/248 Flinders Street, Adelaide",https://www.realestate.com.au/property-apartment-sa-adelaide-146218016,-34.9264543,138.6098768
"11 Southcott Walk, Adelaide",https://www.realestate.com.au/property-townhouse-sa-adelaide-146763564,-34.9334091,138.6103977
"307/160 Grote Street, Adelaide",https://www.realestate.com.au/property-apartment-sa-adelaide-146997868,-34.9286066,138.5930912
"3104/38 Rosina Street, Adelaide",https://www.realestate.com.au/property-apartment-sa-adelaide-146854716,-34.924305,138.5957461
"902/248 Flinders Street, Adelaide",https://www.realestate.com.au/property-apartment-sa-adelaide-146994496,-34.926448,138.609758
"18/21 Pulteney Street, Adelaide",https://www.realestate.com.au/property-apartment-sa-adelaide-146987900,-34.9219452,138.6052963
"601/278 South Terrace, Adelaide",https://www.realestate.com.au/property-apartment-sa-adelaide-146987512,-34.9349234,138.6092689
"602/278 South Terrace, Adelaide",https://www.realestate.com.au/property-apartment-sa-adelaide-146987504,-34.9350539,138.6092767
"133 GILBERT STREET, Adelaide",https://www.realestate.com.au/property-townhouse-sa-adelaide-146900048,-34.934664,138.5954732
"306/304 Waymouth Street, Adelaide",https://www.realestate.com.au/property-apartment-sa-adelaide-146985788,-34.9259754,138.5883833
"2/233 East Terrace, Adelaide",https://www.realestate.com.au/property-apartment-sa-adelaide-147113024,-34.9323,138.617098
"505 / 62-65 South Terrace, Adelaide",https://www.realestate.com.au/property-apartment-sa-adelaide-146054164,-34.9356975,138.593011
"2601/421 King William Street, Adelaide",https://www.realestate.com.au/property-apartment-sa-adelaide-147108292,-34.9347939,138.5998816
"607/211 Grenfell Street, Adelaide",https://www.realestate.com.au/property-apartment-sa-adelaide-147100808,-34.9242689,138.6090741
"1709/156 Wright Street, Adelaide",https://www.realestate.com.au/property-apartment-sa-adelaide-147107344,-34.9313579,138.5944468
"1001/39 Grenfell Street, Adelaide",https://www.realestate.com.au/property-apartment-sa-adelaide-146966632,-34.924717,138.6013056
"2002/68 Elizabeth Street, Adelaide",https://www.realestate.com.au/property-apartment-sa-adelaide-147252156,-34.9270133,138.5921018
"1002/242 Flinders Street, Adelaide",https://www.realestate.com.au/property-apartment-sa-adelaide-147250984,-34.926452,138.6096374
"1802/29 Angas Street, Adelaide",https://www.realestate.com.au/property-apartment-sa-adelaide-147250396,-34.930197,138.6018888
"1206/421 King William Street, Adelaide",https://www.realestate.com.au/property-apartment-sa-adelaide-147098748,-34.93486499999999,138.6000844
"3401/19 Frome Street, Adelaide",https://www.realestate.com.au/property-apartment-sa-adelaide-147245460,-34.9217717,138.6078214
"105/62 Hurtle Square, Adelaide",https://www.realestate.com.au/property-apartment-sa-adelaide-147001240,-34.9333989,138.6071263
"1202/271-281 Gouger Street, Adelaide",https://www.realestate.com.au/property-apartment-sa-adelaide-147127436,-34.930968,138.5890954
"803/193 Angas Street, Adelaide",https://www.realestate.com.au/property-apartment-sa-adelaide-144584696,-34.9299973,138.6082128
"701/248 Flinders Street, Adelaide",https://www.realestate.com.au/property-apartment-sa-adelaide-146218016,-34.9264543,138.6098768
"11 Southcott Walk, Adelaide",https://www.realestate.com.au/property-townhouse-sa-adelaide-146763564,-34.9334091,138.6103977
"307/160 Grote Street, Adelaide",https://www.realestate.com.au/property-apartment-sa-adelaide-146997868,-34.9286066,138.5930912
"3104/38 Rosina Street, Adelaide",https://www.realestate.com.au/property-apartment-sa-adelaide-146854716,-34.924305,138.5957461
"902/248 Flinders Street, Adelaide",https://www.realestate.com.au/property-apartment-sa-adelaide-146994496,-34.926448,138.609758
"18/21 Pulteney Street, Adelaide",https://www.realestate.com.au/property-apartment-sa-adelaide-146987900,-34.9219452,138.6052963
"601/278 South Terrace, Adelaide",https://www.realestate.com.au/property-apartment-sa-adelaide-146987512,-34.9349234,138.6092689
"602/278 South Terrace, Adelaide",https://www.realestate.com.au/property-apartment-sa-adelaide-146987504,-34.9350539,138.6092767
"133 GILBERT STREET, Adelaide",https://www.realestate.com.au/property-townhouse-sa-adelaide-146900048,-34.934664,138.5954732
"306/304 Waymouth Street, Adelaide",https://www.realestate.com.au/property-apartment-sa-adelaide-146985788,-34.9259754,138.5883833
"2/233 East Terrace, Adelaide",https://www.realestate.com.au/property-apartment-sa-adelaide-147113024,-34.9323,138.617098
"505 / 62-65 South Terrace, Adelaide",https://www.realestate.com.au/property-apartment-sa-adelaide-146054164,-34.9356975,138.593011
"2601/421 King William Street, Adelaide",https://www.realestate.com.au/property-apartment-sa-adelaide-147108292,-34.9347939,138.5998816
"607/211 Grenfell Street, Adelaide",https://www.realestate.com.au/property-apartment-sa-adelaide-147100808,-34.9242689,138.6090741
"1709/156 Wright Street, Adelaide",https://www.realestate.com.au/property-apartment-sa-adelaide-147107344,-34.9313579,138.5944468
"1001/39 Grenfell Street, Adelaide",https://www.realestate.com.au/property-apartment-sa-adelaide-146966632,-34.924717,138.6013056
"2002/68 Elizabeth Street, Adelaide",https://www.realestate.com.au/property-apartment-sa-adelaide-147252156,-34.9270133,138.5921018
"1002/242 Flinders Street, Adelaide",https://www.realestate.com.au/property-apartment-sa-adelaide-147250984,-34.926452,138.6096374
"1802/29 Angas Street, Adelaide",https://www.realestate.com.au/property-apartment-sa-adelaide-147250396,-34.930197,138.6018888
"1206/421 King William Street, Adelaide",https://www.realestate.com.au/property-apartment-sa-adelaide-147098748,-34.93486499999999,138.6000844
"3401/19 Frome Street, Adelaide",https://www.realestate.com.au/property-apartment-sa-adelaide-147245460,-34.9217717,138.6078214
"807/55-61 Hindmarsh Square, Adelaide",https://www.realestate.com.au/property-house-sa-adelaide-146755752,-34.9248614,138.6046403
"24A Vincent Street, Adelaide",https://www.realestate.com.au/property-house-sa-adelaide-146969336,-35.133401,138.4810734
"24/261 Pirie Street, Adelaide",https://www.realestate.com.au/property-apartment-sa-adelaide-146968876,-34.9255283,138.6098216
"206/14 Gilbert Street, Adelaide",https://www.realestate.com.au/property-apartment-sa-adelaide-147237852,-34.9342133,138.5996978
"1301/297 Pirie Street, Adelaide",https://www.realestate.com.au/property-apartment-sa-adelaide-146967396,-34.9254031,138.6106183
"603/88 Frome Street, Adelaide",https://www.realestate.com.au/property-apartment-sa-adelaide-146967388,-34.9242886,138.6083355
"402/31 Frew Street, Adelaide",https://www.realestate.com.au/property-apartment-sa-adelaide-146967372,-34.9319474,138.5987986
"3302/19 Frome Street, Adelaide",https://www.realestate.com.au/property-apartment-sa-adelaide-146631452,-34.9217717,138.6078214
"114 East Terrace, Adelaide",https://www.realestate.com.au/property-house-sa-adelaide-143886020,-34.926897,138.6133819
"114 Gray Street, Adelaide",https://www.realestate.com.au/property-townhouse-sa-adelaide-146919188,-34.925951,138.5898041
"16 Alfred Street, Adelaide",https://www.realestate.com.au/property-house-sa-adelaide-147235336,-34.9315006,138.5888071
"10/29 Moore Street, Adelaide",https://www.realestate.com.au/property-apartment-sa-adelaide-147235072,-34.9309469,138.6029254
"207/211 Grenfell Street, Adelaide",https://www.realestate.com.au/property-house-sa-adelaide-147084144,-34.9242944,138.6087913
"2108/17 Austin Street, Adelaide",https://www.realestate.com.au/property-apartment-sa-adelaide-145399896,-34.9221441,138.6049323
"71 South Terrace, Adelaide",https://www.realestate.com.au/property-house-sa-adelaide-147228292,-34.9357676,138.5935871
"302/21-39 Bentham Street, Adelaide",https://www.realestate.com.au/property-apartment-sa-adelaide-146472932,-34.9270342,138.5976084
"1206/297 Pirie Street, Adelaide",https://www.realestate.com.au/property-apartment-sa-adelaide-147155120,-34.9258528,138.6106687
"417/304 Waymouth Street, Adelaide",https://www.realestate.com.au/property-studio-sa-adelaide-147223620,-34.9258095,138.5884654
"20-22 McLaren Street, Adelaide",https://www.realestate.com.au/property-house-sa-adelaide-147223576,-34.9315578,138.6093106
"801/271-281 Gouger Street, Adelaide",https://www.realestate.com.au/property-apartment-sa-adelaide-147223484,-34.9308758,138.5889413
"66A Vinrace Street, Adelaide",https://www.realestate.com.au/property-house-sa-adelaide-147157432,-34.9352485,138.5911575
"606/180 Franklin Street, Adelaide",https://www.realestate.com.au/property-apartment-sa-adelaide-146955604,-34.9273249,138.5923927
"10 Dimora Court, Adelaide",https://www.realestate.com.au/property-townhouse-sa-adelaide-147221336,-34.9270761,138.6126324
"504/250 Flinders Street, Adelaide",https://www.realestate.com.au/property-apartment-sa-adelaide-146745784,-34.9261668,138.6099585
"2011/15 Austin Street, Adelaide",https://www.realestate.com.au/property-apartment-sa-adelaide-145461548,-34.9219419,138.6046856
"608/18 Surflen Street, Adelaide",https://www.realestate.com.au/property-apartment-sa-adelaide-147200452,-34.9318441,138.6025167
"Penthouse/112 Carrington Street, Adelaide",https://www.realestate.com.au/property-apartment-sa-adelaide-145509724,-34.9311331,138.6042743
"4/11 Winifred Street, Adelaide",https://www.realestate.com.au/property-unit-sa-adelaide-147214248,-34.9351556,138.5922347
"619/61 Hindmarsh Square, Adelaide",https://www.realestate.com.au/property-serviced+apartment-sa-adelaide-143918348,-34.9247851,138.6045744
"3 Angas Court, Adelaide",https://www.realestate.com.au/property-townhouse-sa-adelaide-147211708,-34.9289706,138.6133453
"13a Halls Place, Adelaide",https://www.realestate.com.au/property-townhouse-sa-adelaide-147134360,-34.935525,138.5937323
"27/41 Hurtle Square, Adelaide",https://www.realestate.com.au/property-apartment-sa-adelaide-147027996,-34.9333762,138.6051987
"5-9 Prospect Place, Adelaide",https://www.realestate.com.au/property-house-sa-adelaide-137161174,-34.9266219,138.5889857
"404/112 South Terrace, Adelaide",https://www.realestate.com.au/property-apartment-sa-adelaide-147208452,-34.9356778,138.5969615
"25/211-219 Gilles Street, Adelaide",https://www.realestate.com.au/property-townhouse-sa-adelaide-146733164,-34.9342881,138.6081543
"1302/156 Wright Street, Adelaide",https://www.realestate.com.au/property-apartment-sa-adelaide-147205548,-34.9313797,138.5945858
"1908/29 Angas Street, Adelaide",https://www.realestate.com.au/property-unit-sa-adelaide-147204256,-34.9304755,138.6019832
"718/185 Morphett Street, Adelaide",https://www.realestate.com.au/property-apartment-sa-adelaide-145886508,-34.9271418,138.5934539
"1804/17 Penny Place, Adelaide",https://www.realestate.com.au/property-apartment-sa-adelaide-146161012,-34.9310118,138.6016612
"11/33-45 Stafford Street, Adelaide",https://www.realestate.com.au/property-apartment-sa-adelaide-146826668,-34.9352275,138.5984095
"501/88 Frome Street, Adelaide",https://www.realestate.com.au/property-apartment-sa-adelaide-146159004,-34.9242886,138.6083355
"1/179 Sturt st, Adelaide",https://www.realestate.com.au/property-townhouse-sa-adelaide-146580552,-34.9335334,138.5920178
"607A/82 King William Street, Adelaide",https://www.realestate.com.au/property-apartment-sa-adelaide-140446991,-34.924544,138.6000379
"912/156 Wright Street, Adelaide",https://www.realestate.com.au/property-apartment-sa-adelaide-146945616,-34.9315105,138.594387
"10 Crowther Street, Adelaide",https://www.realestate.com.au/property-townhouse-sa-adelaide-145133536,-34.9265352,138.5911728
"319&605/304 Waymouth Street, Adelaide",https://www.realestate.com.au/property-apartment-sa-adelaide-146944560,,
"520/304 Waymouth Street, Adelaide",https://www.realestate.com.au/property-apartment-sa-adelaide-146944436,-34.9261004,138.588488
"404/62 Hurtle Square, Adelaide",https://www.realestate.com.au/property-apartment-sa-adelaide-145004352,-34.9333989,138.6071263
"1405/15 Synagogue Place, Adelaide",https://www.realestate.com.au/property-apartment-sa-adelaide-147048752,-34.9220181,138.6064273
"35d/17 Eden Street, Adelaide",https://www.realestate.com.au/property-apartment-sa-adelaide-146210792,-34.9305333,138.6072674
"1304A/20 Hindmarsh Square, Adelaide",https://www.realestate.com.au/property-apartment-sa-adelaide-145866800,-34.9233898,138.6066911
"202/9 Paxtons Walk, Adelaide",https://www.realestate.com.au/property-unit-sa-adelaide-147005488,-34.9216994,138.6086457
"1010/156 Wright Street, Adelaide",https://www.realestate.com.au/property-apartment-sa-adelaide-146295832,-34.9315615,138.5946025
"501/144 South Terrace, Adelaide",https://www.realestate.com.au/property-apartment-sa-adelaide-147060832,-34.9353349,138.5989997
"2308/29 Angas Street, Adelaide",https://www.realestate.com.au/property-apartment-sa-adelaide-146939488,-34.9304755,138.6018798
"419/185 Morphett Street, Adelaide",https://www.realestate.com.au/property-apartment-sa-adelaide-146917904,-34.9271341,138.5934363
"716/160 Grote Street, Adelaide",https://www.realestate.com.au/property-apartment-sa-adelaide-146931656,-34.9286463,138.5925776
"46 Gilbert Street, Adelaide",https://www.realestate.com.au/property-house-sa-adelaide-146931392,-34.93414509999999,138.5985828
"401 & 422/304 Waymouth Street, Adelaide",https://www.realestate.com.au/property-apartment-sa-adelaide-146276800,,
"102/248 Flinders Street, Adelaide",https://www.realestate.com.au/property-apartment-sa-adelaide-147004972,-34.9264519,138.609757
"245 Gilbert Street, Adelaide",https://www.realestate.com.au/property-house-sa-adelaide-147048280,-34.93488749999999,138.5912056
"606/23 King William Street, Adelaide",https://www.realestate.com.au/property-apartment-sa-adelaide-146927408,-34.9223273,138.5989768
"1701/10 Balfours Way, Adelaide",https://www.realestate.com.au/property-apartment-sa-adelaide-147048176,-34.9267486,138.5926948
"309/23 King William Street, Adelaide",https://www.realestate.com.au/property-studio-sa-adelaide-147185940,-34.9223981,138.5991284
"3206/17 Austin Street, Adelaide",https://www.realestate.com.au/property-apartment-sa-adelaide-146125496,-34.9221943,138.6049172
"311/180 Morphett Street, Adelaide",https://www.realestate.com.au/property-apartment-sa-adelaide-147182908,-34.9267043,138.5943069
"403/12 Tapley Street, Adelaide",https://www.realestate.com.au/property-apartment-sa-adelaide-147044756,-34.9338442,138.5997232
"295a - 297 Waymouth Street, Adelaide",https://www.realestate.com.au/property-house-sa-adelaide-146570016,-34.9265574,138.5887221
"60 South Terrace, Adelaide",https://www.realestate.com.au/property-apartment-sa-adelaide-145476148,-34.9358266,138.5928003
"2003/15 Austin Street, Adelaide",https://www.realestate.com.au/property-apartment-sa-adelaide-145195100,-34.9221484,138.6048291
"3/326 Angas Street, Adelaide",https://www.realestate.com.au/property-unit-sa-adelaide-147161736,-34.9288491,138.6131609
"213/211 Grenfell Street, Adelaide",https://www.realestate.com.au/property-apartment-sa-adelaide-147171860,-34.9242034,138.6090639
"101/180 Morphett Street, Adelaide",https://www.realestate.com.au/property-apartment-sa-adelaide-146110972,-34.9268426,138.5939777
"1308/297 Pirie Street, Adelaide",https://www.realestate.com.au/property-apartment-sa-adelaide-146700792,-34.92546890000001,138.6107787
"238-240 Franklin Street, Adelaide",https://www.realestate.com.au/property-other-sa-adelaide-147166020,-34.9274163,138.590153
"1710/160 Grote Street, Adelaide",https://www.realestate.com.au/property-apartment-sa-adelaide-147029516,-34.9286463,138.5925776
"1607/160 Grote Street, Adelaide",https://www.realestate.com.au/property-apartment-sa-adelaide-147029508,-34.9286463,138.5925776
"805/15 Austin Street, Adelaide",https://www.realestate.com.au/property-apartment-sa-adelaide-140928208,-34.9221474,138.6049361
"1015/96 North Terrace, Adelaide",https://www.realestate.com.au/property-apartment-sa-adelaide-147164096,-34.9222472,138.5947189
"24 Hallett St, Adelaide",https://www.realestate.com.au/property-house-sa-adelaide-146913280,-34.9335162,138.6039438
"57/65 King William Street, Adelaide",https://www.realestate.com.au/property-unit-sa-adelaide-147158808,-34.9238145,138.5993087
"3604/21-59 Grote Street, Adelaide",https://www.realestate.com.au/property-apartment-sa-adelaide-147026528,-34.9295366,138.5977294
"407/39 Grenfell Street, Adelaide",https://www.realestate.com.au/property-apartment-sa-adelaide-146695348,-34.924717,138.6013056
"N1110/68 Elizabeth Street, Adelaide",https://www.realestate.com.au/property-apartment-sa-adelaide-147025184,-34.9269135,138.5919587
"1812/15 Austin Street, Adelaide",https://www.realestate.com.au/property-apartment-sa-adelaide-146910916,-34.9221066,138.6047515
"1205/271-281 Gouger Street, Adelaide",https://www.realestate.com.au/property-other-sa-adelaide-145583412,-34.9309707,138.5890411
"411/10 Balfours Way, Adelaide",https://www.realestate.com.au/property-apartment-sa-adelaide-147154904,-34.9268926,138.5929649
"106/23 Frew Street, Adelaide",https://www.realestate.com.au/property-apartment-sa-adelaide-146544512,-34.9322849,138.5986402
"1&4/33-45 Stafford Place, Adelaide",https://www.realestate.com.au/property-townhouse-sa-adelaide-146801416,,
"801/180 Morphett Street, Adelaide",https://www.realestate.com.au/property-apartment-sa-adelaide-145709992,-34.9268506,138.5942012
"214 Carrington Street, Adelaide",https://www.realestate.com.au/property-house-sa-adelaide-146689272,-34.9309032,138.6082352
"1609/180 Franklin Street, Adelaide",https://www.realestate.com.au/property-apartment-sa-adelaide-146799840,-34.9272401,138.5921893
"2507/38 Rosina Street, Adelaide",https://www.realestate.com.au/property-apartment-sa-adelaide-147113692,-34.9243246,138.5955929
"1603/180 Franklin Street, Adelaide",https://www.realestate.com.au/property-apartment-sa-adelaide-147148876,-34.9268966,138.5923187
"910/421 King William Street, Adelaide",https://www.realestate.com.au/property-apartment-sa-adelaide-147146372,-34.9350922,138.6000089
"1107/10 Balfours Way, Adelaide",https://www.realestate.com.au/property-apartment-sa-adelaide-147015124,-34.9267486,138.5926948
"4 Southcott Walk, Adelaide",https://www.realestate.com.au/property-townhouse-sa-adelaide-147144356,-34.9331839,138.6101427
"205/10 Balfours Way, Adelaide",https://www.realestate.com.au/property-apartment-sa-adelaide-147141360,-34.9270471,138.5927283
"1110/160 Grote Street, Adelaide",https://www.realestate.com.au/property-apartment-sa-adelaide-145696448,-34.9286463,138.5925776
"16 Wakeham Street, Adelaide",https://www.realestate.com.au/property-house-sa-adelaide-146666920,-34.9330168,138.6083721
"242 Gilbert Street, Adelaide",https://www.realestate.com.au/property-house-sa-adelaide-146870256,-34.9346297,138.5912811
"503/23 King William Street, Adelaide",https://www.realestate.com.au/property-apartment-sa-adelaide-146776480,-34.9223201,138.5991445
"104/9 Paxtons Walk, Adelaide",https://www.realestate.com.au/property-house-sa-adelaide-145942168,-34.9216945,138.6086816
"205/21-39 Bentham Street, Adelaide",https://www.realestate.com.au/property-apartment-sa-adelaide-144463760,-34.9269153,138.5975989
"3106/17 Austin Street, Adelaide",https://www.realestate.com.au/property-apartment-sa-adelaide-146766856,-34.9221939,138.6049169
"28 Chatham Street, Adelaide",https://www.realestate.com.au/property-house-sa-adelaide-146645256,-34.932858,138.5910273
"108/267 Hutt Street, Adelaide",https://www.realestate.com.au/property-unit-sa-adelaide-147002168,-34.9344716,138.6121873
"1702/18 Rowlands Place, Adelaide",https://www.realestate.com.au/property-apartment-sa-adelaide-145064288,-34.9281832,138.5967693
"32 - 38 Grote Street, Adelaide",https://www.realestate.com.au/property-apartment-sa-adelaide-139037655,-34.928554,138.5976918
"108/10 Balfours Way, Adelaide",https://www.realestate.com.au/property-other-sa-adelaide-145903680,-34.9269956,138.5930109
"175-177 Halifax Street, Adelaide",https://www.realestate.com.au/property-apartment-sa-adelaide-146888896,-34.9327726,138.608484
"24/21 Pulteney Street, Adelaide",https://www.realestate.com.au/property-apartment-sa-adelaide-147243712,-34.9222463,138.6051423
"202/185 Morphett Street, Adelaide",https://www.realestate.com.au/property-apartment-sa-adelaide-147208488,-34.9268327,138.5933326
"80 South Terrace, Adelaide",https://www.realestate.com.au/property-residential+land-sa-adelaide-204072992,-34.9357668,138.5941382
"707/160 Rundle Mall, Adelaide",https://www.realestate.com.au/property-apartment-sa-adelaide-146455028,-34.9223499,138.6053407
"205/160 Rundle Mall, Adelaide",https://www.realestate.com.au/property-unit-sa-adelaide-146104824,-34.9224263,138.605335
"204/180 Morphett Street, Adelaide",https://www.realestate.com.au/property-apartment-sa-adelaide-146101224,-34.9266693,138.5939609
"Address available on request, Adelaide",https://www.realestate.com.au/property-residential+land-sa-adelaide-204007588,-34.9284989,138.6007456
"Lot A1, B & C, 22 Moger Lane, Adelaide",https://www.realestate.com.au/property-residential+land-sa-adelaide-203986536,21.0887194,105.6741547
"6/61 Symonds place, Adelaide",https://www.realestate.com.au/property-townhouse-sa-adelaide-145395528,-34.9351309,138.6015435
"Address available on request, Adelaide",https://www.realestate.com.au/property-apartment-sa-adelaide-145150448,-34.9284989,138.6007456
"505A & B/82 King William Street, Adelaide",https://www.realestate.com.au/property-apartment-sa-adelaide-138478607,,
"UNIT 904A/20 HINDMARSH SQUARE, Adelaide",https://www.realestate.com.au/property-apartment-sa-adelaide-140050815,-34.9233898,138.6066911
"1202/180 Morphett Street, Adelaide",https://www.realestate.com.au/property-apartment-sa-adelaide-133899558,-34.9268477,138.5942609
"601A Morphett Street, Adelaide",https://www.realestate.com.au/property-apartment-sa-adelaide-126515198,-34.9358452,138.5944121
"5/3 Little Grenfell Street, Kent Town",https://www.realestate.com.au/property-townhouse-sa-kent+town-145929212,-34.9196013,138.6211532
"1 & 5/116 Rose Terrace, Wayville",https://www.realestate.com.au/property-townhouse-sa-wayville-145432108,,
"100 Rugby Street, Malvern",https://www.realestate.com.au/property-house-sa-malvern-146996260,-34.9640709,138.6103966
"3 Victoria Avenue, Unley Park",https://www.realestate.com.au/property-house-sa-unley+park-145743936,-34.961717,138.5990381
"12a River Street, St Peters",https://www.realestate.com.au/property-house-sa-st+peters-146853756,-34.9029218,138.6166094
"305/170 The Parade, Norwood",https://www.realestate.com.au/property-apartment-sa-norwood-145922856,-34.9222153,138.6358221
"210/1 Kevin Taylor Lane, Bowden",https://www.realestate.com.au/property-unit-sa-bowden-147120760,-34.9050335,138.5793582
"51 Childers Street, North Adelaide",https://www.realestate.com.au/property-house-sa-north+adelaide-146901576,-34.9043077,138.5932671
"D2 & D3/21 Surrey Rd, Keswick",https://www.realestate.com.au/property-townhouse-sa-keswick-144301700,32.2076566,-110.8396614
"27B Joslin Street, Wayville",https://www.realestate.com.au/property-other-sa-wayville-147116940,-34.9459369,138.5934305
"9-11 Foster Street, Norwood",https://www.realestate.com.au/property-house-sa-norwood-147116508,-34.9161592,138.6370692
"13 Allinga Avenue, Glenside",https://www.realestate.com.au/property-house-sa-glenside-147168700,-34.9412921,138.6368137
"128 The Parade, Norwood",https://www.realestate.com.au/property-apartment-sa-norwood-143425884,-34.9215328,138.6329383
"305/128 The Parade, Norwood",https://www.realestate.com.au/property-apartment-sa-norwood-143818268,-34.9215328,138.6329383
"106 George Street, Norwood",https://www.realestate.com.au/property-house-sa-norwood-147078680,-34.92572,138.6373365
"607/128 The Parade, Norwood",https://www.realestate.com.au/property-apartment-sa-norwood-143818240,-34.9215328,138.6329383
"95 Frederick Street, Unley",https://www.realestate.com.au/property-house-sa-unley-146984856,-34.9496677,138.6085196
"27 Cambridge Street, North Adelaide",https://www.realestate.com.au/property-house-sa-north+adelaide-146983560,-34.9070998,138.5932883
"118 Robsart Street, Parkside",https://www.realestate.com.au/property-house-sa-parkside-147019116,-34.9451548,138.6110128
"153 Gover Street, North Adelaide",https://www.realestate.com.au/property-house-sa-north+adelaide-147110280,-34.9052092,138.5941586
"21A Commercial Road, Hyde Park",https://www.realestate.com.au/property-house-sa-hyde+park-147108888,-34.9587302,138.605492
"203/3 Banksia Street, Glenside",https://www.realestate.com.au/property-apartment-sa-glenside-146980864,-34.9442098,138.6256922
"64 Bagot Avenue, Mile End",https://www.realestate.com.au/property-house-sa-mile+end-147107192,-34.9289071,138.5608485
"14 George Street, Norwood",https://www.realestate.com.au/property-house-sa-norwood-147106472,-34.9162722,138.6365969
"71a Gibson Street, Bowden",https://www.realestate.com.au/property-townhouse-sa-bowden-147171760,-34.9030406,138.5801428
"13 Lurline Street, Mile End",https://www.realestate.com.au/property-house-sa-mile+end-147105676,-34.9259578,138.5680922
"72 Mary Street, Unley",https://www.realestate.com.au/property-house-sa-unley-147105500,-34.9481449,138.6019898
"37A Margaret Street South, North Adelaide",https://www.realestate.com.au/property-townhouse-sa-north+adelaide-146978260,-34.9074777,138.5989513
"2 Foundry Street, Goodwood",https://www.realestate.com.au/property-house-sa-goodwood-147105068,-34.9478929,138.5941429
"8/2-4 Glen Osmond Road, Parkside",https://www.realestate.com.au/property-apartment-sa-parkside-146977868,-34.9409827,138.6160052
"126 Rose Terrace, Wayville",https://www.realestate.com.au/property-apartment-sa-wayville-145905832,-34.942975,138.5856162
"30 Lurline Street, Mile End",https://www.realestate.com.au/property-house-sa-mile+end-146495868,-34.9255711,138.5653381
"81 Osmond Terrace, Norwood",https://www.realestate.com.au/property-house-sa-norwood-147249364,-34.9239512,138.6319638
"601/3 Fourth Street, Bowden",https://www.realestate.com.au/property-apartment-sa-bowden-147179900,-34.9060007,138.5790739
"31 Cedar Crescent, Glenside",https://www.realestate.com.au/property-house-sa-glenside-147248252,-34.9432374,138.6304979
"33 Hill Street, North Adelaide",https://www.realestate.com.au/property-house-sa-north+adelaide-147248248,-34.9096986,138.5872633
"25A River Street, St Peters",https://www.realestate.com.au/property-house-sa-st+peters-146339700,-34.903419,138.6169286
"53 Rose Terrace, Wayville",https://www.realestate.com.au/property-house-sa-wayville-147097916,-34.9430809,138.5940097
"47 Cleland Avenue, Dulwich",https://www.realestate.com.au/property-house-sa-dulwich-147245508,-34.9392216,138.6293316
"4 Esmond Street, Hyde Park",https://www.realestate.com.au/property-house-sa-hyde+park-146636596,-34.9560273,138.6069504
"06/3 Fifth Street, Bowden",https://www.realestate.com.au/property-apartment-sa-bowden-147240460,-34.9053498,138.5797892
"1/25 Leicester Street, Parkside",https://www.realestate.com.au/property-unit-sa-parkside-147240380,-34.9462076,138.6188495
"3 Prescott Terrace, Rose Park",https://www.realestate.com.au/property-house-sa-rose+park-146755608,-34.9279835,138.6321944
"34 Eton Street, Malvern",https://www.realestate.com.au/property-house-sa-malvern-147239364,-34.9562123,138.6136563
"17 Austral Terrace, Malvern",https://www.realestate.com.au/property-house-sa-malvern-147166928,-34.9634593,138.6159726
"31 Jaffrey Street, Parkside",https://www.realestate.com.au/property-house-sa-parkside-147135580,-34.9433734,138.6141507
"406/256 The Parade, Norwood",https://www.realestate.com.au/property-apartment-sa-norwood-146967236,-34.9213616,138.6407101
"64 North Terrace, Kent Town",https://www.realestate.com.au/property-house-sa-kent+town-146325328,-34.9172454,138.6204671
"7 Louisa Street, Goodwood",https://www.realestate.com.au/property-house-sa-goodwood-147076332,-34.9531605,138.5961044
"3 Somerset Place, Norwood",https://www.realestate.com.au/property-house-sa-norwood-147089092,-34.9231813,138.630525
"5/92 Robsart Street, Parkside",https://www.realestate.com.au/property-unit-sa-parkside-147087984,-34.9452056,138.6121632
"18 Elizabeth Street, Eastwood",https://www.realestate.com.au/property-house-sa-eastwood-147188960,-34.9430086,138.6229547
"17 James Street, Gilberton",https://www.realestate.com.au/property-house-sa-gilberton-146327380,-34.8957326,138.6095245
"8 Claremont Street, Mile End",https://www.realestate.com.au/property-house-sa-mile+end-146327264,-34.9293824,138.5720334
"49 Hill Street, Parkside",https://www.realestate.com.au/property-house-sa-parkside-146964456,-34.9480219,138.6162984
"5B Rosemont Street, Norwood",https://www.realestate.com.au/property-house-sa-norwood-147120444,-34.9264586,138.6287965
"11 Alfred Street, Norwood",https://www.realestate.com.au/property-house-sa-norwood-146962572,-34.9261193,138.6313526
"18 Theresa Street, Norwood",https://www.realestate.com.au/property-house-sa-norwood-147084128,-34.9194917,138.6290931
"15 Arnold Street, Parkside",https://www.realestate.com.au/property-house-sa-parkside-147230660,-34.947552,138.6219437
"5 Royal Avenue, Hyde Park",https://www.realestate.com.au/property-house-sa-hyde+park-147226732,34.264434,-118.7961904
"802/1 George Street, Parkside",https://www.realestate.com.au/property-apartment-sa-parkside-147062916,-34.941345,138.6132257
"1/54 Essex Street, Goodwood",https://www.realestate.com.au/property-unit-sa-goodwood-147228272,-34.9527242,138.5868646
"87 Swaine Avenue, Rose Park",https://www.realestate.com.au/property-house-sa-rose+park-147150944,-34.9328108,138.631751
"7 Markey Street, Eastwood",https://www.realestate.com.au/property-house-sa-eastwood-147203428,-34.9441736,138.623275
"Address available on request, Eastwood",https://www.realestate.com.au/property-apartment-sa-eastwood-142107468,,
"34 Austral Terrace, Malvern",https://www.realestate.com.au/property-house-sa-malvern-147224736,-34.9630988,138.6138553
"2B/58 William Street, Norwood",https://www.realestate.com.au/property-unit-sa-norwood-147224740,-34.925298,138.6288405
"8/3 Little Grenfell Street, Kent Town",https://www.realestate.com.au/property-townhouse-sa-kent+town-146317464,-34.919539,138.6212743
"2/1A Clarke Street, Norwood",https://www.realestate.com.au/property-house-sa-norwood-147148832,-34.9254965,138.6242916
"30 Bagot Avenue, Mile End",https://www.realestate.com.au/property-house-sa-mile+end-147223444,-34.9266391,138.560785
"48 Torrens Street, College Park",https://www.realestate.com.au/property-house-sa-college+park-146619720,-34.9072621,138.6149904
"2/75 George Street, Norwood",https://www.realestate.com.au/property-unit-sa-norwood-147221936,-34.9227868,138.6364599
"50 Cambridge Terrace, Malvern",https://www.realestate.com.au/property-house-sa-malvern-146048704,-34.955182,138.611897
"57 Marion Street, Unley",https://www.realestate.com.au/property-house-sa-unley-147221812,-34.9484216,138.6109776
"23 Victoria Avenue, Unley Park",https://www.realestate.com.au/property-house-sa-unley+park-146745860,-34.965022,138.5993203
"28 Fashoda Street, Hyde Park",https://www.realestate.com.au/property-house-sa-hyde+park-147219568,-34.9570005,138.6046856
"39 Mersey Street, Gilberton",https://www.realestate.com.au/property-house-sa-gilberton-146745808,-34.9089757,138.6133083
"85 Jeffcott Street, North Adelaide",https://www.realestate.com.au/property-house-sa-north+adelaide-146614792,-34.9102246,138.5921555
"26a George Street, Unley Park",https://www.realestate.com.au/property-house-sa-unley+park-146744512,-34.9649198,138.6050983
"8/45 King William Road, North Adelaide",https://www.realestate.com.au/property-apartment-sa-north+adelaide-138112334,-34.9115945,138.5986778
"89 Jeffcott Street, North Adelaide",https://www.realestate.com.au/property-house-sa-north+adelaide-146614504,-34.9102229,138.5921615
"18A Player Court, St Peters",https://www.realestate.com.au/property-house-sa-st+peters-141672032,-34.9018009,138.6159341
"603/14 Sixth Street, Bowden",https://www.realestate.com.au/property-apartment-sa-bowden-147216800,-34.9051622,138.579855
"1/54 Norma Street, Mile End",https://www.realestate.com.au/property-house-sa-mile+end-147215564,-34.9248466,138.5614517
"301/293 Fullarton Road, Parkside",https://www.realestate.com.au/property-apartment-sa-parkside-146308376,-34.9491453,138.6250582
"19 Northgate Street, Unley Park",https://www.realestate.com.au/property-house-sa-unley+park-146341348,-34.9606139,138.6049429
"27a Miller Street, Unley",https://www.realestate.com.au/property-townhouse-sa-unley-147134056,-34.9431206,138.601839
"3/47 Edward Street, Norwood",https://www.realestate.com.au/property-house-sa-norwood-147210592,-34.9201226,138.634088
"101 Cambridge Terrace, Malvern",https://www.realestate.com.au/property-house-sa-malvern-146736388,-34.9602124,138.6129484
"22 Jaffrey Street, Parkside",https://www.realestate.com.au/property-house-sa-parkside-146602460,-34.9433661,138.6137151
"41 Eton Street, Malvern",https://www.realestate.com.au/property-house-sa-malvern-147206284,-34.95690080000001,138.6114919
"115 Sydenham Road, Norwood",https://www.realestate.com.au/property-house-sa-norwood-146833044,-34.9266372,138.6276933
"15 Trevelyan Street, Wayville",https://www.realestate.com.au/property-house-sa-wayville-146594708,-34.9470587,138.5974932
"1 Brougham Place, North Adelaide",https://www.realestate.com.au/property-apartment-sa-north+adelaide-146441828,-34.9082948,138.6012106
"3/122 Barton Terrace West, North Adelaide",https://www.realestate.com.au/property-unit-sa-north+adelaide-146589176,-34.9030052,138.5916479
"1 Marion Street, Unley",https://www.realestate.com.au/property-house-sa-unley-145882296,-34.9481785,138.6159328
"1 Moulden Street, Norwood",https://www.realestate.com.au/property-house-sa-norwood-146723000,-34.9155506,138.6347994
"1A Edsall Street, Norwood",https://www.realestate.com.au/property-house-sa-norwood-146586032,-34.9224918,138.6280693
"18 Florence Street, Goodwood",https://www.realestate.com.au/property-house-sa-goodwood-146905972,-34.9501115,138.5926525
"22 Queen Street, Norwood",https://www.realestate.com.au/property-house-sa-norwood-146151956,-34.9166793,138.638792
"48 L'Estrange Street, Glenside",https://www.realestate.com.au/property-house-sa-glenside-146295308,-34.94365,138.636023
"24/14 Dequetteville Terrace, Kent Town",https://www.realestate.com.au/property-apartment-sa-kent+town-147059880,-34.922037,138.616196
"10 Margaret Street, Norwood",https://www.realestate.com.au/property-house-sa-norwood-147063972,-34.9220337,138.6379676
"17 Gilbert Street, Goodwood",https://www.realestate.com.au/property-house-sa-goodwood-147063728,-34.95278340000001,138.5927238
"44 Watson Avenue, Rose Park",https://www.realestate.com.au/property-house-sa-rose+park-146291024,-34.930163,138.6274536
"27 Tormore Place, North Adelaide",https://www.realestate.com.au/property-house-sa-north+adelaide-146708108,-34.9057121,138.5872091
"4/229 South Road, Mile End",https://www.realestate.com.au/property-unit-sa-mile+end-146938028,-34.9281697,138.5702651
"Unit 7/70 Rundle St, Kent Town",https://www.realestate.com.au/property-townhouse-sa-kent+town-147194324,-34.9201275,138.6201021
"5 Foster Street, Norwood",https://www.realestate.com.au/property-house-sa-norwood-142246044,-34.9157203,138.6371561
"3/25 River Street, St Peters",https://www.realestate.com.au/property-house-sa-st+peters-146436936,-34.9034656,138.6171591
"20 - 22 Olive Street, Parkside",https://www.realestate.com.au/property-house-sa-parkside-146436928,-34.9495423,138.6233666
"402/53 Gibson Street, Bowden",https://www.realestate.com.au/property-apartment-sa-bowden-147056688,-34.9048288,138.5784924
"1D Birks Street, Parkside",https://www.realestate.com.au/property-house-sa-parkside-145238380,-34.9492574,138.6246451
"403/61-69 Brougham Place, North Adelaide",https://www.realestate.com.au/property-apartment-sa-north+adelaide-147051240,-34.9088922,138.5965682
"19 Whistler Avenue, Unley Park",https://www.realestate.com.au/property-house-sa-unley+park-147114116,-34.9646745,138.6007077
"17/103 Strangways Terrace, North Adelaide",https://www.realestate.com.au/property-unit-sa-north+adelaide-147048120,-34.910405,138.587458
"503/95 Hackney Road, Hackney",https://www.realestate.com.au/property-apartment-sa-hackney-145847408,-34.91019720000001,138.6136105
"4/18 Miller Street, Unley",https://www.realestate.com.au/property-townhouse-sa-unley-147185200,-34.9423247,138.6013134
"4/18 First Avenue, St Peters",https://www.realestate.com.au/property-unit-sa-st+peters-147184536,-34.9104801,138.6245939
"12/333 Fullarton Road, Parkside",https://www.realestate.com.au/property-unit-sa-parkside-147045148,-34.9515332,138.6250658
"7/43 Osmond Terrace, Norwood",https://www.realestate.com.au/property-townhouse-sa-norwood-147182104,-34.9199746,138.6313366
"3/1-7 Richmond Street, Hackney",https://www.realestate.com.au/property-townhouse-sa-hackney-146121212,-34.9101661,138.6136412
"87 Kingston Terrace, North Adelaide",https://www.realestate.com.au/property-house-sa-north+adelaide-147181656,-34.9059905,138.6049551
"83 Castle Street, Parkside",https://www.realestate.com.au/property-other-sa-parkside-146269024,-34.9512964,138.6193103
"8 Edwin Terrace, Gilberton",https://www.realestate.com.au/property-house-sa-gilberton-145351832,-34.8981647,138.6104351
"2/53 Kenilworth Road, Parkside",https://www.realestate.com.au/property-duplex+semi-detached-sa-parkside-147021488,-34.9463631,138.6215488
"39A Gladstone Road, Mile End",https://www.realestate.com.au/property-house-sa-mile+end-146570404,-34.9264002,138.5743792
"28 Jaffrey Street, Parkside",https://www.realestate.com.au/property-house-sa-parkside-147178468,-34.9435951,138.6137293
"4/121 Kensington Road, Norwood",https://www.realestate.com.au/property-townhouse-sa-norwood-146920980,-34.9263755,138.6358992
"43 Wallis Street, Parkside",https://www.realestate.com.au/property-house-sa-parkside-146986220,-34.9525488,138.6174749
"4/19 Florence Street, Goodwood",https://www.realestate.com.au/property-unit-sa-goodwood-147036932,-34.9505252,138.5925034
"60A Darebin Street, Mile End",https://www.realestate.com.au/property-house-sa-mile+end-146883548,-34.9296311,138.5630113
"59 Henry Street, Stepney",https://www.realestate.com.au/property-house-sa-stepney-147173816,-34.9122673,138.6304979
"61 Leicester Street, Parkside",https://www.realestate.com.au/property-house-sa-parkside-146564260,-34.94637,138.6161529
"3/88 Sussex Street, North Adelaide",https://www.realestate.com.au/property-unit-sa-north+adelaide-147172900,-34.9063198,138.606768
"18/2 Davis Street, Norwood",https://www.realestate.com.au/property-unit-sa-norwood-147035588,-34.9270474,138.6263974
"111/293 Fullarton Road, Parkside",https://www.realestate.com.au/property-apartment-sa-parkside-146258956,-34.9495216,138.6249309
"6/63 Marlborough Street, Malvern",https://www.realestate.com.au/property-unit-sa-malvern-147016560,-34.9590136,138.6088968
"603/56 Greenhill Road, Wayville",https://www.realestate.com.au/property-apartment-sa-wayville-147144304,-34.9421236,138.5927094
"7 Sheldon Street, Norwood",https://www.realestate.com.au/property-house-sa-norwood-147152812,-34.9172963,138.628112
"Lot 1-4/283 Fullarton Road, Parkside",https://www.realestate.com.au/property-house-sa-parkside-147031324,-34.9484706,138.6248817
"50 MacKinnon Parade, North Adelaide",https://www.realestate.com.au/property-house-sa-north+adelaide-146558492,-34.907651,138.6086464
"4/66 Rose Terrace, Wayville",https://www.realestate.com.au/property-townhouse-sa-wayville-147134644,-34.9425127,138.5934244
"304/1 George Street, Parkside",https://www.realestate.com.au/property-apartment-sa-parkside-146558052,-34.9413967,138.6130574
"55 Commercial Road, Hyde Park",https://www.realestate.com.au/property-house-sa-hyde+park-146677420,-34.9593569,138.5987571
"36 & 37/58 King William Street, Kent Town",https://www.realestate.com.au/property-apartment-sa-kent+town-146107080,,
"82 Osmond Terrace, Norwood",https://www.realestate.com.au/property-apartment-sa-norwood-144481940,-34.9221537,138.6327258
"9/23 Park Terrace, Gilberton",https://www.realestate.com.au/property-house-sa-gilberton-146404400,-34.9043097,138.6132411
"27 Albert Street, Dulwich",https://www.realestate.com.au/property-house-sa-dulwich-146403964,-34.9377244,138.6270447
"9 Eleventh Avenue, St Peters",https://www.realestate.com.au/property-house-sa-st+peters-147161256,-34.8985621,138.6202632
"58 Hampton Street, Goodwood",https://www.realestate.com.au/property-house-sa-goodwood-147161164,-34.9518283,138.588098
"24 Birrell Street, Norwood",https://www.realestate.com.au/property-house-sa-norwood-147161116,-34.9256558,138.6359369
"13 Harrow Road, St Peters",https://www.realestate.com.au/property-house-sa-st+peters-146551448,-34.9118985,138.6236306
"4/258 Ward Street, North Adelaide",https://www.realestate.com.au/property-unit-sa-north+adelaide-146911280,-34.9094021,138.5913965
"4D Ann Street, Stepney",https://www.realestate.com.au/property-house-sa-stepney-146548112,-34.9144799,138.632078
"2/1A Grant Avenue, Rose Park",https://www.realestate.com.au/property-unit-sa-rose+park-146693772,-34.9321254,138.6246975
"603/1 George, Parkside",https://www.realestate.com.au/property-apartment-sa-parkside-146489564,-34.9438628,138.612976
"16 Palmerston Road, Unley",https://www.realestate.com.au/property-house-sa-unley-146693000,-34.9430675,138.6036186
"64 Gilbert Street, Gilberton",https://www.realestate.com.au/property-house-sa-gilberton-146688360,-34.9044215,138.6142238
"502/95 Hackney Road, Hackney",https://www.realestate.com.au/property-apartment-sa-hackney-145835472,-34.91019720000001,138.6136105
"21 Player Avenue, St Peters",https://www.realestate.com.au/property-house-sa-st+peters-147144900,-34.9009695,138.6155742
"23 Player Avenue, St Peters",https://www.realestate.com.au/property-house-sa-st+peters-147144892,-34.90073030000001,138.6154501
"12 Thornber Street, Unley Park",https://www.realestate.com.au/property-house-sa-unley+park-146531948,-34.9621798,138.605934
"612/1 King William Street, Kent Town",https://www.realestate.com.au/property-apartment-sa-kent+town-147144292,-34.9201147,138.6154905
"37 Arthur Street, Unley",https://www.realestate.com.au/property-house-sa-unley-146509412,-34.9506126,138.6033951
"59 Elizabeth Street, Norwood",https://www.realestate.com.au/property-house-sa-norwood-146677124,-34.9264842,138.6298354
"12a/19 North Terrace, Hackney",https://www.realestate.com.au/property-apartment-sa-hackney-146527540,-34.9190898,138.615613
"49 Davenport Terrace, Wayville",https://www.realestate.com.au/property-house-sa-wayville-147125684,-34.9442789,138.5921484
"17 Foster Street, Norwood",https://www.realestate.com.au/property-house-sa-norwood-145691580,-34.9164421,138.6371156
"312/3 Church Ave, Norwood",https://www.realestate.com.au/property-apartment-sa-norwood-146875304,-34.9218643,138.6331724
"2 Gething Crescent, Bowden",https://www.realestate.com.au/property-house-sa-bowden-147133276,-34.8980548,138.583389
"1,2 & 4/3 Tyne Place, Unley",https://www.realestate.com.au/property-unit-sa-unley-147132432,,
"501/95 Hackney Road, Hackney",https://www.realestate.com.au/property-apartment-sa-hackney-145820336,-34.91019720000001,138.6136105
"9 Northgate Street, Unley Park",https://www.realestate.com.au/property-house-sa-unley+park-146099512,-34.9604949,138.6061027
"Apartment 701/62 Brougham Place, North Adelaide",https://www.realestate.com.au/property-apartment-sa-north+adelaide-141256396,-34.9093145,138.5967069
"235 Fullarton Road, Eastwood",https://www.realestate.com.au/property-residential+land-sa-eastwood-203929376,-34.9441898,138.6246095
"509/256 The Parade, Norwood",https://www.realestate.com.au/property-apartment-sa-norwood-142842664,-34.92135210000001,138.6406036
"103/10 Railway Terrace, Mile End",https://www.realestate.com.au/property-apartment-sa-mile+end-147003356,-34.9243558,138.5789538
"65 Strangways Terrace, North Adelaide",https://www.realestate.com.au/property-house-sa-north+adelaide-146509404,-34.9107036,138.5900324
"7/84 Fullarton Rd, Norwood",https://www.realestate.com.au/property-townhouse-sa-norwood-147191256,-34.9239596,138.6241587
"15 Brougham Place, North Adelaide",https://www.realestate.com.au/property-townhouse-sa-north+adelaide-129461706,-34.9083958,138.6002743
"Lot 12/2 Third Street, Bowden",https://www.realestate.com.au/property-house-sa-bowden-144908628,-34.9057012,138.5766543
"10 Railway Terrace, Mile End",https://www.realestate.com.au/property-house-sa-mile+end-146439628,-34.9243558,138.5789538
"38-46 Second Street, Bowden",https://www.realestate.com.au/property-townhouse-sa-bowden-144513748,-34.9055691,138.5755215
"31 Ashford Road, Keswick",https://www.realestate.com.au/property-house-sa-keswick-145354520,-34.9444133,138.5774014
"7 Karra Tapa Lane, Bowden",https://www.realestate.com.au/property-house-sa-bowden-144606776,-34.9056129,138.5761143
"81 Gladstone Road, Mile End",https://www.realestate.com.au/property-house-sa-mile+end-146539648,-34.9265876,138.5708044
"201/87 Hackney Road, Hackney",https://www.realestate.com.au/property-apartment-sa-hackney-146796804,-34.9103376,138.6136758
"Address available on request, North Adelaide",https://www.realestate.com.au/property-house-sa-north+adelaide-141731208,-34.9083198,138.5919105
"38 Second Street, Bowden",https://www.realestate.com.au/property-house-sa-bowden-146101520,-34.9055691,138.5755215
"6 Short Street, Wayville",https://www.realestate.com.au/property-house-sa-wayville-147075136,-34.9439615,138.5903831
"4/98 Childers Street, North Adelaide",https://www.realestate.com.au/property-townhouse-sa-north+adelaide-146714088,-34.9034844,138.5912503
"31/220 Greenhill Road, Eastwood",https://www.realestate.com.au/property-apartment-sa-eastwood-147000976,-34.9409262,138.6232547
"79-81 William Street, Norwood",https://www.realestate.com.au/property-retirement+living-sa-norwood-140268763,-34.9239707,138.6335293
"Lot 3 Boswell Place, Norwood",https://www.realestate.com.au/property-house-sa-norwood-147200352,-34.9261666,138.634032
"79-81 William St, Norwood",https://www.realestate.com.au/property-retirement+living-sa-norwood-136786618,-34.9239707,138.6335293
"27a Park Terrace, Gilberton",https://www.realestate.com.au/property-house-sa-gilberton-146816888,-34.9054806,138.6132942
"16 Junction Lane, Mile End",https://www.realestate.com.au/property-townhouse-sa-mile+end-146680396,-34.9239276,138.5763993
"43 Mersey Street, Gilberton",https://www.realestate.com.au/property-house-sa-gilberton-146908960,-34.9090539,138.6131103
"Proposed Allotment 3 Boswell Place, Norwood",https://www.realestate.com.au/property-residential+land-sa-norwood-204044156,-34.9261666,138.634032
"3/110 Rose Terrace, Wayville",https://www.realestate.com.au/property-house-sa-wayville-146628032,-34.9427772,138.5871869
"32 Oxenbould Street, Parkside",https://www.realestate.com.au/property-residential+land-sa-parkside-204085228,-34.9413015,138.6149084
"92c Osmond Tce, Norwood",https://www.realestate.com.au/property-house-sa-norwood-146829400,-34.9235866,138.632722
"92B Osmond Terrace, Norwood",https://www.realestate.com.au/property-house-sa-norwood-146823588,-34.9234234,138.6327101
"10/9 Wakefield Street, Kent Town",https://www.realestate.com.au/property-unit-sa-kent+town-146816868,-34.9244967,138.6211123
"Address available on request, Hackney",https://www.realestate.com.au/property-house-sa-hackney-146743856,51.5495005,-0.0596855
"3 Boswell Place, Norwood",https://www.realestate.com.au/property-house-sa-norwood-146722384,-34.9261666,138.634032
"2 Park Terrace, Gilberton",https://www.realestate.com.au/property-house-sa-gilberton-146421944,-34.9018283,138.6102013
"12 High St, Unley Park",https://www.realestate.com.au/property-house-sa-unley+park-146401364,-34.9638641,138.6066779
"3/40 Le Hunte Street, Wayville",https://www.realestate.com.au/property-apartment-sa-wayville-145343256,-34.9463605,138.5920636
"17-23 Grenfell St, Kent Town",https://www.realestate.com.au/property-retirement+living-sa-kent+town-140056559,-34.9199108,138.6214906
"2 High Street, Unley Park",https://www.realestate.com.au/property-house-sa-unley+park-145027596,-34.9636379,138.6078064
"6 Hampton Grove, Norwood",https://www.realestate.com.au/property-house-sa-norwood-144388628,-34.9225649,138.6311692
"19 L'estrange Street, Glenside",https://www.realestate.com.au/property-house-sa-glenside-143706408,-34.9423109,138.6350713
"Address available on request, Hackney",https://www.realestate.com.au/property-retirement+living-sa-hackney-135849774,51.5495005,-0.0596855
"Apartment 707/62 Brougham Place, North Adelaide",https://www.realestate.com.au/property-apartment-sa-north+adelaide-128874850,-34.9093145,138.5967069
